mean_fit_time,std_fit_time,mean_score_time,std_score_time,param_rf__max_depth,param_rf__max_features,param_rf__min_samples_split,param_rf__n_estimators,params,split0_test_score,split1_test_score,split2_test_score,split3_test_score,split4_test_score,mean_test_score,std_test_score,rank_test_score,split0_train_score,split1_train_score,split2_train_score,split3_train_score,split4_train_score,mean_train_score,std_train_score
0.5363836765289307,0.0526671146179712,0.03689022064208984,0.00831929772498485,,sqrt,2,100,"{'rf__max_depth': None, 'rf__max_features': 'sqrt', 'rf__min_samples_split': 2, 'rf__n_estimators': 100}",0.9230769230769231,0.9705882352941176,0.8923076923076924,0.9142857142857143,0.9552238805970149,0.9310964891122924,0.028260273825852715,5,1.0,1.0,1.0,1.0,1.0,1.0,0.0
1.0422258377075195,0.049707246813336776,0.06322789192199707,0.027665715532674922,,sqrt,2,200,"{'rf__max_depth': None, 'rf__max_features': 'sqrt', 'rf__min_samples_split': 2, 'rf__n_estimators': 200}",0.9230769230769231,0.9705882352941176,0.9090909090909091,0.8985507246376812,0.9552238805970149,0.9313061345393292,0.02738355366650356,4,1.0,1.0,1.0,1.0,1.0,1.0,0.0
0.6803981304168701,0.23441732025183462,0.04595561027526855,0.02809733684785479,,sqrt,6,100,"{'rf__max_depth': None, 'rf__max_features': 'sqrt', 'rf__min_samples_split': 6, 'rf__n_estimators': 100}",0.9393939393939394,0.9705882352941176,0.8923076923076924,0.9142857142857143,0.9411764705882353,0.9315504103739398,0.02651865158518076,3,0.9852941176470589,0.9888475836431226,0.996309963099631,0.988929889298893,0.996309963099631,0.9911383033576673,0.004422015944317075
0.5877180576324463,0.312642824758651,0.01984415054321289,0.0007475596598830381,,sqrt,6,200,"{'rf__max_depth': None, 'rf__max_features': 'sqrt', 'rf__min_samples_split': 6, 'rf__n_estimators': 200}",0.9393939393939394,0.9705882352941176,0.9090909090909091,0.8985507246376812,0.9411764705882353,0.9317600558009765,0.025578594401507608,1,0.988929889298893,0.9925925925925926,0.996309963099631,0.9888475836431226,0.996309963099631,0.9925979983467741,0.0033189765986398573
0.37221713066101075,0.06094761567779339,0.01677398681640625,0.004289327712148463,,0.7,2,100,"{'rf__max_depth': None, 'rf__max_features': 0.7, 'rf__min_samples_split': 2, 'rf__n_estimators': 100}",0.9230769230769231,0.9714285714285714,0.8923076923076924,0.8857142857142857,0.9253731343283582,0.9195801213711661,0.030412920301766073,11,1.0,1.0,1.0,1.0,1.0,1.0,0.0
0.7534902572631836,0.14483178744044664,0.02241792678833008,0.0031583624823303094,,0.7,2,200,"{'rf__max_depth': None, 'rf__max_features': 0.7, 'rf__min_samples_split': 2, 'rf__n_estimators': 200}",0.9393939393939394,0.9714285714285714,0.8787878787878788,0.8857142857142857,0.9253731343283582,0.9201395619306068,0.034420183521102515,9,1.0,1.0,1.0,1.0,1.0,1.0,0.0
0.33169026374816896,0.008753957264204025,0.012839984893798829,0.00039598440459033297,,0.7,6,100,"{'rf__max_depth': None, 'rf__max_features': 0.7, 'rf__min_samples_split': 6, 'rf__n_estimators': 100}",0.9230769230769231,0.9552238805970149,0.8615384615384616,0.8857142857142857,0.9090909090909091,0.9069288920035188,0.03196307196278255,16,0.988929889298893,0.9925925925925926,0.996309963099631,0.9925925925925926,0.996309963099631,0.9933470001366681,0.00276432373929272
0.8468122482299805,0.14282619802813748,0.025804948806762696,0.005655638968570653,,0.7,6,200,"{'rf__max_depth': None, 'rf__max_features': 0.7, 'rf__min_samples_split': 6, 'rf__n_estimators': 200}",0.9090909090909091,0.9705882352941176,0.8888888888888888,0.8857142857142857,0.9090909090909091,0.9126746456158219,0.030568917002338165,13,0.996309963099631,0.9925925925925926,0.996309963099631,0.9925925925925926,0.996309963099631,0.9948230148968156,0.001821132185423084
0.2141848087310791,0.006877111995457851,0.012602663040161133,0.00019761035090315368,6,sqrt,2,100,"{'rf__max_depth': 6, 'rf__max_features': 'sqrt', 'rf__min_samples_split': 2, 'rf__n_estimators': 100}",0.9230769230769231,0.9705882352941176,0.8923076923076924,0.8985507246376812,0.9552238805970149,0.9279494911826858,0.030725631120232813,7,0.996309963099631,0.9925925925925926,0.9925925925925926,0.9925925925925926,0.996309963099631,0.994079540795408,0.001821132185423084
0.42714858055114746,0.01861302003616183,0.020043420791625976,0.0009051144956583858,6,sqrt,2,200,"{'rf__max_depth': 6, 'rf__max_features': 'sqrt', 'rf__min_samples_split': 2, 'rf__n_estimators': 200}",0.9230769230769231,0.9705882352941176,0.8923076923076924,0.8985507246376812,0.9552238805970149,0.9279494911826858,0.030725631120232813,7,0.996309963099631,0.9925925925925926,0.996309963099631,0.9925925925925926,1.0,0.9955610222768894,0.0027730668048007445
0.31125669479370116,0.11786245682117541,0.019744110107421876,0.004879292989186705,6,sqrt,6,100,"{'rf__max_depth': 6, 'rf__max_features': 'sqrt', 'rf__min_samples_split': 6, 'rf__n_estimators': 100}",0.9393939393939394,0.9705882352941176,0.8923076923076924,0.8985507246376812,0.9411764705882353,0.9284034124443332,0.02918076749268035,6,0.981549815498155,0.9814126394052045,0.9888475836431226,0.9851851851851852,0.9850746268656716,0.9844139701194677,0.0027531631496225104
0.48558788299560546,0.13379094580898848,0.019449949264526367,0.001006420112967176,6,sqrt,6,200,"{'rf__max_depth': 6, 'rf__max_features': 'sqrt', 'rf__min_samples_split': 6, 'rf__n_estimators': 200}",0.9393939393939394,0.9705882352941176,0.9090909090909091,0.8985507246376812,0.9411764705882353,0.9317600558009765,0.025578594401507608,1,0.9888475836431226,0.9850746268656716,0.9888475836431226,0.9888475836431226,0.9925925925925926,0.9888419940775265,0.0023773993631658074
0.4349819183349609,0.07415249536349593,0.01922779083251953,0.0044579980470059715,6,0.7,2,100,"{'rf__max_depth': 6, 'rf__max_features': 0.7, 'rf__min_samples_split': 2, 'rf__n_estimators': 100}",0.9230769230769231,0.9565217391304348,0.8923076923076924,0.8857142857142857,0.9393939393939394,0.9194029159246551,0.02705557736360677,12,0.996309963099631,0.996309963099631,1.0,0.996309963099631,1.0,0.9977859778597786,0.0018077415075890366
0.7358152866363525,0.13517046519126116,0.02153773307800293,0.004904006695473556,6,0.7,2,200,"{'rf__max_depth': 6, 'rf__max_features': 0.7, 'rf__min_samples_split': 2, 'rf__n_estimators': 200}",0.9253731343283582,0.9714285714285714,0.8787878787878788,0.8857142857142857,0.9393939393939394,0.9201395619306068,0.03442018352110251,9,0.996309963099631,0.9925925925925926,1.0,0.996309963099631,1.0,0.9970425037583709,0.0027701447274549786
0.33121867179870607,0.011046911659192186,0.013236474990844727,0.00042856484421264747,6,0.7,6,100,"{'rf__max_depth': 6, 'rf__max_features': 0.7, 'rf__min_samples_split': 6, 'rf__n_estimators': 100}",0.9230769230769231,0.9552238805970149,0.8615384615384616,0.8857142857142857,0.9253731343283582,0.9101853370510087,0.032834991797790064,14,0.9851851851851852,0.9850746268656716,0.996309963099631,0.9888475836431226,0.9925925925925926,0.9896019902772405,0.004347756148767757
0.6535341262817382,0.012050100998882428,0.019829750061035156,0.001413515879564417,6,0.7,6,200,"{'rf__max_depth': 6, 'rf__max_features': 0.7, 'rf__min_samples_split': 6, 'rf__n_estimators': 200}",0.9090909090909091,0.9705882352941176,0.8615384615384616,0.8857142857142857,0.9090909090909091,0.9072045601457365,0.03625418970863876,15,0.9925925925925926,0.9850746268656716,0.996309963099631,0.9925925925925926,0.9925925925925926,0.9918324735486161,0.0036728666556976775
